,count_no_deps,first_reg,last_reg
min,0.0,61.0,36.0
max,44.0,116.0,120.0
mean,8.665584415584416,92.19218241042346,99.80781758957654
